drop database if exists sjs;
set names utf8;
create database if not exists sjs default charset utf8;
use sjs;

create table gua_64(
	gua_id tinyint unsigned primary key,
	gua_name char(10) not null,
	gua_message char(100) not null
);

INSERT INTO gua_64 (gua_id,gua_name,gua_message)VALUES
(1,'乾为天','元亨利贞。'),
(2,'坤为地','元亨。利牝马之贞。君子有攸往，先迷，后得主，利。西南得朋，东北丧朋。安贞吉。'),
(3,'水雷屯','元亨，利贞。勿用有攸往。利建侯。'),
(4,'山水蒙','亨。匪我求童蒙，童蒙求我。初筮告，再三渎，渎则不告。利贞。'),
(5,'水天需','有孚，光亨。贞吉，利涉大川。'),
(6,'天水讼','有孚窒惕，中吉，终凶。利见大人。不利涉大川。'),
(7,'地水师','贞丈人吉，无咎。'),
(8,'水地比','吉。原筮，元，永贞，无咎。不宁方来，后夫凶。'),
(9,'风天小畜','亨。密云不雨。自我西郊。'),
(10,'天泽履','履虎尾，不咥人。亨。'),
(11,'地天泰','小往大来，吉，亨。'),
(12,'天地否','否之匪人，不利君子贞，大往小来。'),
(13,'天火同人','同人于野，亨。利涉大川。利君子贞。'),
(14,'火天大有','元亨。'),
(15,'地山谦','亨。君子有终。'),
(16,'雷地豫','利建侯行师。'),
(17,'泽雷随','元亨，利贞，无咎。'),
(18,'山风蛊','元亨。利涉大川，先甲三日，后甲三日。'),
(19,'地泽临','元亨，利贞。至于八月有凶。'),
(20,'风地观','盥而不荐。有孚顒若。'),
(21,'火雷噬嗑','亨。利用狱。'),
(22,'山火贲','亨。小利有攸往。'),
(23,'山地剥','不利有攸往。'),
(24,'地雷复','亨。出入无疾。朋来无咎。反覆其道，七日来复，利有攸往。'),
(25,'天雷无妄','元亨，利贞。其匪正有眚，不利有攸往。'),
(26,'山天大畜','利贞。不家食吉。利涉大川。'),
(27,'山雷颐','贞吉。观颐，自求口实。'),
(28,'泽风大过','栋挠，利有攸往，亨。'),
(29,'坎为水','有孚维心，亨。行有尚。'),
(30,'离为火','利贞。亨。畜牝牛吉。'),
(31,'泽山咸','亨，利贞；取女吉。'),
(32,'雷风恒','亨。无咎。利贞。利有攸往。'),
(33,'天山遯','亨。小利贞。'),
(34,'雷天大壮','利贞。'),
(35,'火地晋','康侯用锡马蕃庶，昼日三接。'),
(36,'地火明夷','明夷，利艰贞。'),
(37,'风火家人','利女贞。'),
(38,'火泽睽','小事吉。'),
(39,'水山蹇','利西南，不利东北。利见大人。贞吉。'),
(40,'雷水解','利西南。无所往，其来复吉。有攸往，夙吉。'),
(41,'山泽损','有孚，元吉，无咎。可贞，利有攸往。曷之用？二簋可用享。'),
(42,'风雷益','利有攸往。利涉大川。'),
(43,'泽天夬','扬于王庭，孚号。有厉，告自邑。不利即戎，利有攸往。'),
(44,'天风姤','女壮，勿用取女。'),
(45,'泽地萃','亨，王假有庙。利见大人。亨，利贞，用大牲吉。利有攸往。'),
(46,'地风升','元亨。用见大人，勿恤。南征吉。'),
(47,'泽水困','亨。贞大人吉，无咎。有言不信。'),
(48,'水风井','改邑不改井，无丧无得。往来井井。汔至，亦未繘井，羸其瓶，凶。'),
(49,'泽火革','已日乃孚。元亨。利贞，悔亡。'),
(50,'火风鼎','元吉，亨。'),
(51,'震为雷','亨。震来虩虩，笑言哑哑，震惊百里，不丧匕鬯。'),
(52,'艮为山','艮其背，不获其身，行其庭，不见其人，无咎。'),
(53,'风山渐','女归吉，利贞。'),
(54,'雷泽归妹','征凶，无攸利。'),
(55,'雷火丰','亨，王假之。勿忧，宜日中。'),
(56,'火山旅','小亨。旅贞吉。'),
(57,'巽为风','小亨。利有攸往。利见大人。'),
(58,'兑为泽','亨。利贞'),
(59,'风水涣','亨。王假有庙。利涉大川，利贞。'),
(60,'水泽节','亨。苦节，不可贞。'),
(61,'风泽中孚','豚鱼，吉。利涉大川，利贞。'),
(62,'雷山小过','亨。利贞。可小事，不可大事。飞鸟遗之音，不宜上，宜下，大吉。'),
(63,'水火既济','亨小，利贞。初吉终乱。'),
(64,'火水未济','亨。小狐汔济，濡其尾，无攸利。');

create table yao_386(
	yao_id smallint unsigned primary key,
	yao_yinyang char(1) not null,
	yao_message char(100) not null,
	gua_id tinyint unsigned not null,
	foreign key(gua_id) references gua_64(gua_id)
);

INSERT INTO yao_386 (yao_id,yao_yinyang,yao_message,gua_id)VALUES
(1,1,"初九：潜龙，勿用。",1),
(2,1,"九二：见龙在田，利见大人。",1),
(3,1,"九三：君子终日乾乾，夕惕若厉，无咎。",1),
(4,1,"九四：或跃在渊，无咎。",1),
(5,1,"九五：飞龙在天，利见大人。",1),
(6,1,"上九：亢龙，有悔。",1),
(7,0,"初六：履霜，坚冰至。",2),
(8,0,"六二：直、方、大，不习，无不利。",2),
(9,0,"六三：含章可贞，或从王事，无成有终。",2),
(10,0,"六四：括囊，无咎无誉。",2),
(11,0,"六五：黄裳元吉。",2),
(12,0,"上六：龙战于野，其血玄黄。",2),
(13,1,"初九，磐桓，利居贞。利建侯。",3),
(14,0,"六二，屯如邅如，乘马班如。匪寇，婚媾。女子贞不字，十年乃字。",3),
(15,0,"六三，即鹿无虞，惟入于林中，君子几不如舍，往吝。",3),
(16,0,"六四，乘马班如，求婚媾。往吉，无不利。",3),
(17,1,"九五，屯其膏，小，贞吉；大，贞凶。",3),
(18,0,"上六，乘马班如，泣血涟如。",3),
(19,0,"初六，发蒙，利用刑人，用说桎梏，以往吝。",4),
(20,1,"九二，包蒙，吉。纳妇，吉。子克家。",4),
(21,0,"六三，勿用取女，见金夫，不有躬。无攸利。",4),
(22,0,"六四，困蒙，吝。",4),
(23,0,"六五，童蒙，吉。",4),
(24,1,"上九，击蒙，不利为寇，利御寇。",4),
(25,1,"初九，需于郊，利用恒，无咎。",5),
(26,1,"九二，需于沙，小有言，终吉。",5),
(27,1,"九三，需于泥，致寇至。",5),
(28,0,"六四，需于血，出自穴。",5),
(29,1,"九五，需于酒食，贞吉。",5),
(30,0,"上六，入于穴，有不速之客三人来，敬之终吉。",5),
(31,0,"初六，不永所事，小有言，终吉。",6),
(32,1,"九二，不克讼，归而逋。其邑人三百户，无眚。",6),
(33,0,"六三，食旧德，贞厉，终吉。或从王事，无成。",6),
(34,1,"九四，不克讼，复既命渝。安贞吉。",6),
(35,1,"九五：讼，元吉。",6),
(36,1,"上九：或锡之鞶带，终朝三褫之。",6),
(37,0,"初六，师出以律，否臧凶。",7),
(38,1,"九二，在师中吉，无咎，王三锡命。",7),
(39,0,"六三，师或舆尸，凶。",7),
(40,0,"六四，师左次，无咎。",7),
(41,0,"六五，田有禽。利执言，无咎。长子帅师，弟子舆尸，贞凶。",7),
(42,0,"上六，大君有命，开国承家，小人勿用。",7),
(43,0,"初六，有孚比之，无咎。有孚盈缶，终来有它，吉。",8),
(44,0,"六二，比之自内，贞吉。",8),
(45,0,"六三，比之匪人。",8),
(46,0,"六四，外比之，贞吉。",8),
(47,1,"九五，显比，王用三驱，失前禽，邑人不诫，吉。",8),
(48,0,"上六，比之无首，凶。",8),
(49,1,"初九，「复自道，何其咎？吉。",9),
(50,1,"九二，牵复，吉。",9),
(51,1,"九三，舆说辐。夫妻反目。",9),
(52,0,"六四，有孚，血去，惕出无咎。",9),
(53,1,"九五，有孚挛如，富以其邻。",9),
(54,1,"上九，既雨既处，尚德载。妇贞厉。月几望，君子征凶。",9),
(55,1,"初九，素履往，无咎。",10),
(56,1,"九二，履道坦坦，幽人贞吉。",10),
(57,0,"六三，眇能视，跛能履，履虎尾，咥人，凶。武人为于大君。",10),
(58,1,"九四，履虎尾，愬愬，终吉。",10),
(59,1,"九五，夬履，贞厉。",10),
(60,1,"上九，视履考祥，其旋元吉。",10),
(61,1,"初九，拔茅茹以其汇。征吉。",11),
(62,1,"九二，包荒，用冯河，不遐遗。朋亡，得尚于中行。",11),
(63,1,"九三，无平不陂，无往不复。艰贞无咎。勿恤其孚，于食有福。",11),
(64,0,"六四，翩翩，不富以其邻，不戒以孚。",11),
(65,0,"六五，帝乙归妹，以祉元吉。",11),
(66,0,"上六，城复于隍，勿用师，自邑告命。贞吝。",11),
(67,0,"初六，拔茅茹以其汇。贞吉，亨。",12),
(68,0,"六二，包承，小人吉，大人否。亨。",12),
(69,0,"六三，包羞。",12),
(70,1,"九四，有命，无咎，畴离祉。",12),
(71,1,"九五，休否，大人吉。其亡其亡，系于苞桑。",12),
(72,1,"上九，倾否，先否后喜。",12),
(73,1,"初九，同人于门，无咎。",13),
(74,0,"六二，同人于宗，吝。",13),
(75,1,"九三，伏戎于莽，升其高陵，三岁不兴。",13),
(76,1,"九四，乘其墉，弗克攻，吉主",13),
(77,1,"九五，同人先号啕而后笑，大师克，相遇。",13),
(78,1,"上九，同人于郊，无悔。",13),
(79,1,"初九，无交害匪咎。艰则无咎。",14),
(80,1,"九二，大车以载，有攸往，无咎。",14),
(81,1,"九三，公用亨于天子，小人弗克。",14),
(82,1,"九四，匪其彭，无咎。",14),
(83,0,"六五，厥孚交如威如，吉。",14),
(84,1,"上九，自天佑之，吉，无不利。",14),
(85,0,"初六，谦谦君子，用涉大川，吉。",15),
(86,0,"六二，鸣谦，贞吉。",15),
(87,1,"九三，劳谦君子，有终，吉。",15),
(88,0,"六四，无不利，撝谦。",15),
(89,0,"六五，不富以其邻，利用侵伐，无不利。",15),
(90,0,"上六，鸣谦，利用行师征邑国。",15),
(91,0,"初六，鸣豫，凶。",16),
(92,0,"六二，介于石，不终日，贞吉。",16),
(93,0,"六三，盱豫，悔，迟有悔。",16),
(94,1,"九四，由豫，大有得，勿疑。朋盍簪。",16),
(95,0,"六五，贞疾，恒不死。",16),
(96,0,"上六，冥豫，成有渝。无咎。",16),
(97,1,"初九，官有渝，贞吉，出门交有功。",17),
(98,0,"六二，系小子，失丈夫。",17),
(99,0,"六三，系丈夫，失小子，随有求，得。利居贞。",17),
(100,1,"九四，随有获，贞凶。有孚在道，以明，何咎？吉",17),
(101,1,"九五，孚于嘉，吉。",17),
(102,0,"上六，拘系之，乃从维之，王用亨于西山。",17),
(103,0,"初六，干父之蛊，有子，考无咎。厉，终吉。",18),
(104,1,"九二，干母之蛊，不可贞。",18),
(105,1,"九三：干父小有晦，无大咎。",18),
(106,0,"六四，裕父之蛊，往见吝。",18),
(107,0,"六五，干父之蛊，用誉。",18),
(108,1,"上九，不事王侯，高尚其事。",18),
(109,1,"初九，咸临，贞吉。",19),
(110,1,"九二，咸临，吉，无不利。",19),
(111,0,"六三，甘临，无攸利；既忧之，无咎。",19),
(112,0,"六四，至临，无咎。",19),
(113,0,"六五，知临，大君之宜，吉。",19),
(114,0,"上六，敦临，吉，无咎。",19),
(115,0,"初六，童观，小人无咎，君子吝。",20),
(116,0,"六二，窥观，利女贞。",20),
(117,0,"六三，观我生，进退。",20),
(118,0,"六四，观国之光，利用宾于王。",20),
(119,1,"九五，观我生，君子无咎。",20),
(120,1,"上九，观其生，君子无咎。",20),
(121,1,"初九，屦校灭趾，无咎。",21),
(122,0,"六二，噬肤灭鼻，无咎。",21),
(123,0,"六三，噬腊肉遇毒，小吝，无咎。",21),
(124,1,"九四，「噬干胏，得金矢。利艰贞，吉。",21),
(125,0,"六五，噬乾肉得黄金。贞厉，无咎。",21),
(126,1,"上九，何校灭耳，凶。",21),
(127,1,"初九，贲其趾，舍车而徒。",22),
(128,0,"六二，贲其须。",22),
(129,1,"九三，贲如，濡如，永贞吉。",22),
(130,0,"六四，贲如皤如，白马翰如。匪寇，婚媾。",22),
(131,0,"六五，贲于丘园，束帛戋戋，吝，终吉。",22),
(132,1,"上九，白贲，无咎。",22),
(133,0,"初六：剥床以足，蔑贞凶。",23),
(134,0,"六二：剥床以辨，蔑贞凶。",23),
(135,0,"六三：剥之，无咎。",23),
(136,0,"六四：剥床以肤，凶。",23),
(137,0,"六五：贯鱼以宫人宠，无不利。",23),
(138,1,"上九：硕果不食，君子得舆，小人剥庐。",23),
(139,1,"初九，不远复，无祗悔，元吉。",24),
(140,0,"六二，休复，吉。",24),
(141,0,"六三，频复，厉，无咎。",24),
(142,0,"六四，中行独复。",24),
(143,0,"六五，敦复，无悔。",24),
(144,0,"上六，迷复，凶，有灾眚。用行师，终有大败，以其国君凶，至于十年不克征。",24),
(145,1,"初九，无妄往，吉。",25),
(146,0,"六二，不耕获，不菑畲，则利用攸往。",25),
(147,0,"六三，无妄之灾，或系之牛，行人之得，邑人之灾。",25),
(148,1,"九四，可贞。无咎。",25),
(149,1,"九五，无妄之疾，勿药有喜。",25),
(150,1,"上九，无妄行，有眚，无攸利。",25),
(151,1,"初九，有厉，利已。",26),
(152,1,"九二，舆说輹。",26),
(153,1,"九三，良马逐，利艰贞，曰闲舆卫，利有攸往。",26),
(154,0,"六四，童牛之牿，元吉。",26),
(155,0,"六五，□豕之牙，吉。",26),
(156,1,"上九，何天之衢，亨。",26),
(157,1,"初九，舍尔灵龟，观我朵颐，凶。",27),
(158,0,"六二，颠颐拂经于丘颐，征凶。",27),
(159,0,"六三，拂颐，贞凶，十年勿用，无攸利。",27),
(160,0,"六四，颠颐，吉。虎视眈眈，其欲逐逐，无咎。",27),
(161,0,"六五，拂经，居贞吉，不可涉大川。",27),
(162,1,"上九，由颐，厉，吉。利涉大川。",27),
(163,0,"初六，藉用白茅，无咎。",28),
(164,1,"九二，枯杨生稊，老夫得其女妻，无不利。",28),
(165,1,"九三，栋桡，凶。",28),
(166,1,"九四，栋隆，吉。有它，吝。",28),
(167,1,"九五，枯杨生华，老妇得其士夫，无咎无誉。",28),
(168,0,"上六，过涉灭顶，凶。无咎。",28),
(169,0,"初六，习坎，入于坎，窞，凶。",29),
(170,1,"九二，坎有险，求小得。",29),
(171,0,"六三，来之坎，坎险且枕，入于坎，窞，勿用。",29),
(172,0,"六四，樽酒簋贰用缶，纳约自牖，终无咎。",29),
(173,1,"九五，坎不盈，祗既平，无咎。",29),
(174,0,"上六，系用徽纆，窴于丛棘，三岁不得，凶。",29),
(175,1,"初九，履错然，敬之无咎。",30),
(176,0,"六二，黄离，元吉。",30),
(177,1,"九三，日昃之离，不鼓缶而歌，则大耋之嗟，凶。",30),
(178,1,"九四，突如，其来如，焚如，死如，弃如。",30),
(179,0,"六五，出涕沱若，戚嗟若，吉。",30),
(180,1,"上九，王用出征，有嘉折首，获匪其丑，无咎。",30),
(181,0,"初六，咸其拇。",31),
(182,0,"六二，咸其腓，凶。居吉。",31),
(183,1,"九三，咸其股，执其随，往吝。",31),
(184,1,"九四，贞吉。悔亡。憧憧往来，朋从尔思。",31),
(185,1,"九五，咸其脢，无悔。",31),
(186,0,"上六，咸其辅颊舌。",31),
(187,0,"初六，浚恒，贞凶，无攸利。",32),
(188,1,"九二，悔亡。",32),
(189,1,"九三，不恒其德，或承之羞，贞吝。",32),
(190,1,"九四，田无禽。",32),
(191,0,"六五，恒其德，贞，妇人吉，夫子凶。",32),
(192,0,"上六，振恒，凶。",32),
(193,0,"初六，遯尾，厉，勿用有攸往。",33),
(194,0,"六二，执之用黄牛之革，莫之胜说。",33),
(195,1,"九三，系遯，有疾厉，畜臣妾吉。",33),
(196,1,"九四，好遯，君子吉，小人否。",33),
(197,1,"九五，嘉遯，贞吉。",33),
(198,1,"上九，肥遯，无不利。",33),
(199,1,"初九，壮于趾，征凶，有孚。",34),
(200,1,"九二，贞吉。",34),
(201,1,"九三，小人用壮，君子用罔，贞厉。羝羊触藩，羸其角。",34),
(202,1,"九四，贞吉，悔亡。藩决不羸，壮于大舆之輹。",34),
(203,0,"六五，丧羊于易，无悔。",34),
(204,0,"上六，羝羊触藩，不能退，不能遂，无攸利，艰则吉。",34),
(205,0,"初六，晋如摧如，贞吉。罔孚，裕无咎。",35),
(206,0,"六二，晋如，愁如，贞吉。受兹介福于，其王母。",35),
(207,0,"六三，众允，悔亡。",35),
(208,1,"九四，晋如鼫鼠，贞厉。",35),
(209,0,"六五，悔亡，失得，勿恤。往吉，无不利。",35),
(210,1,"上九，晋其角，维用伐邑，厉吉，无咎，贞吝。",35),
(211,1,"初九：“明夷于飞，垂其翼。君子于行，三日不食。”有攸往， 主人有言。",36),
(212,0,"六二：明夷，夷于左股，用拯马壮。吉。",36),
(213,1,"九三：明夷于南狩，得其大首。不可疾贞。",36),
(214,0,"六四：入于左腹，获明夷之心，于出门庭。",36),
(215,0,"六五：箕子之明夷，利贞。",36),
(216,0,"上六：不明，晦。初登于天，后入于地。",36),
(217,1,"初九，闲有家，悔亡。",37),
(218,0,"六二，无攸遂，在中馈，贞吉。",37),
(219,1,"九三，家人嗃□，悔厉吉；妇子嘻嘻，终吝。",37),
(220,0,"六四，富家，大吉。",37),
(221,1,"九五，王假有家，勿恤，吉。",37),
(222,1,"上九，有孚威如，终吉。",37),
(223,1,"初九，悔亡。丧马勿逐自复。见恶人无咎。",38),
(224,1,"九二，遇主于巷，无咎。",38),
(225,0,"六三，见舆曳，其牛掣，其人天且劓，无初有终。",38),
(226,1,"九四，睽孤遇元夫，交孚，厉，无咎。",38),
(227,0,"六五，悔亡。厥宗噬肤，往何咎？",38),
(228,1,"上九，睽孤，见豕负涂，载鬼一车，先张之弧，后说之弧，匪寇婚媾。往遇雨则吉。",38),
(229,0,"初六，往蹇来誉。",39),
(230,0,"六二，王臣蹇蹇，匪躬之故。",39),
(231,1,"九三，往蹇来反。",39),
(232,0,"六四，往蹇来连。",39),
(233,1,"九五，大蹇朋来。",39),
(234,0,"上六，往蹇来硕，吉，利见大人。",39),
(235,0,"初六，无咎。",40),
(236,1,"九二，田获三狐，得黄矢，贞吉。",40),
(237,0,"六三，负且乘，致寇至，贞吝。",40),
(238,1,"九四，解而拇，朋至斯孚。",40),
(239,0,"六五，君子维有解，吉，有孚于小人。",40),
(240,0,"上六，公用射隼于高墉之上，获之，无不利。",40),
(241,1,"初九，已事遄往，无咎。酌损之。",41),
(242,1,"九二，利贞。征凶，弗损，益之。",41),
(243,0,"六三，三人行则损一人，一人行则得其友。",41),
(244,0,"六四，损其疾，使遄有喜，无咎。",41),
(245,0,"六五，或益之十朋之龟，弗克违，元吉。",41),
(246,1,"上九，弗损，益之，无咎，贞吉，利有攸往，得臣无家。",41),
(247,1,"初九，利用为大作，元吉，无咎。",42),
(248,0,"六二，或益之十朋之龟，弗克违。永贞吉。王用享于帝，吉。",42),
(249,0,"六三，益之用凶事，无咎。有孚。中行告公用圭。",42),
(250,0,"六四，中行告公，从，利用为依迁国。",42),
(251,1,"九五，有孚惠心，勿问，元吉。有孚，惠我德。",42),
(252,1,"上九，莫益之，或击之，立心勿恒，凶。",42),
(253,1,"初九，壮于前趾，往不胜，为咎。",43),
(254,1,"九二，惕号，莫夜有戎，勿恤。",43),
(255,1,"九三，壮于頄，有凶。君子夬夬独行，遇雨若濡，有愠无咎。",43),
(256,1,"九四，臀无肤，其行次且。牵羊悔亡，闻言不信。",43),
(257,1,"九五，苋陆夬夬中行，无咎。",43),
(258,0,"上六，无号，终有凶。",43),
(259,0,"初六，系于金柅，贞吉。有攸往，见凶，羸豕孚蹢躅。",44),
(260,1,"九二，包有鱼，无咎，不利宾。",44),
(261,1,"九三，臀无肤，其行次且，厉，无大咎。",44),
(262,1,"九四，包无鱼，起凶。",44),
(263,1,"九五，以杞包瓜，含章，有陨自天。",44),
(264,1,"上九，女后）其角，吝，无咎。",44),
(265,0,"初六，有孚不终，乃乱乃萃，若号，一握为笑，勿恤，往无咎。",45),
(266,0,"六二，引吉，无咎，孚乃利用禴。",45),
(267,0,"六三，萃如嗟如，无攸利，往无咎，小吝。",45),
(268,1,"九四，大吉无咎。",45),
(269,1,"九五，萃有位，无咎。匪孚，元永贞，悔亡。",45),
(270,0,"上六，赍咨涕洟，无咎。",45),
(271,0,"初六，允升，大吉。",46),
(272,1,"九二，孚乃利用禴，无咎。",46),
(273,1,"九三，升虚邑。",46),
(274,0,"六四，王用亨于岐山，吉，无咎。",46),
(275,0,"六五，贞吉，升阶。",46),
(276,0,"上六，冥升，利于不息之贞。",46),
(277,0,"初六，臀困于株木，入于幽谷，三岁不觌。",47),
(278,1,"九二，困于酒食，朱绂方来。利用享祀。征凶，无咎。",47),
(279,0,"六三，困于石，据于蒺藜，入于其宫，不见其妻，凶。",47),
(280,1,"九四，来徐徐，困于金车，吝，有终。",47),
(281,1,"九五，劓刖，困于赤绂，乃徐有说，利用祭祀。",47),
(282,0,"上六，困于葛藟，于臲<臬兀>，曰动悔有悔，征吉。",47),
(283,0,"初六，井泥不食。旧井无禽。",48),
(284,1,"九二，井谷射鲋，瓮敝漏。",48),
(285,1,"九三，井渫不食，为我心恻。可用汲，王明并受其福。",48),
(286,0,"六四，井甃，无咎。",48),
(287,1,"九五，井洌，寒泉食。",48),
(288,0,"上六，井收勿幕，有孚元吉。",48),
(289,1,"初九，巩用黄牛之革。",49),
(290,0,"六二，巳日乃革之，征吉，无咎。",49),
(291,1,"九三，征凶。贞厉。革言三就，有孚。",49),
(292,1,"九四，悔亡。有孚改命，吉。",49),
(293,1,"九五，大人虎变，未占有孚。",49),
(294,0,"上六，君子豹变，小人革面，征凶，居贞吉。",49),
(295,0,"初六：鼎颠趾，利出否，得妾以其子，无咎。",50),
(296,1,"九二：鼎有实，我仇有疾，不我能即，吉。",50),
(297,1,"九三：鼎耳革，其行塞，雉膏不食，方雨亏悔，终吉。",50),
(298,1,"九四：鼎折足，覆公餗，其形渥，凶。",50),
(299,0,"六五：鼎黄耳金铉，利贞。",50),
(300,1,"上九：鼎玉铉，大吉，无不利。",50),
(301,1,"初九，震来虩虩，后笑言哑哑，吉。",51),
(302,0,"六二，震来厉，亿丧贝，跻于九陵，勿逐，七日得。",51),
(303,0,"六三，震苏苏，震行无眚。",51),
(304,1,"九四，震遂泥。",51),
(305,0,"六五，震往来，厉，意无丧，有事。",51),
(306,0,"上六，震索索，视矍矍，征凶。震不于其躬，于其邻，无咎。婚媾有言。",51),
(307,0,"初六，艮其趾，无咎。利永贞。",52),
(308,0,"六二，艮其腓，不拯其随，其心不快。",52),
(309,1,"九三，艮其限，列其夤，厉，熏心。",52),
(310,0,"六四，艮其身，无咎。",52),
(311,0,"六五，艮其辅，言有序，悔亡。",52),
(312,1,"上九，敦艮，吉。",52),
(313,0,"初六，鸿渐于干。小子厉，有言，无咎。",53),
(314,0,"六二，鸿渐于磐，饮食衎衎，吉。",53),
(315,1,"九三，鸿渐于陆。夫征不复，妇孕不育，凶。利御寇。",53),
(316,0,"六四，鸿渐于木，或得其桷，无咎。",53),
(317,1,"九五，鸿渐于陵，妇三岁不孕，终莫之胜，吉。",53),
(318,1,"上九，鸿渐于陆，其羽可用为仪，吉。",53),
(319,1,"初九，归妹以娣。跛能履，征吉。",54),
(320,1,"九二，眇能视，利幽人之贞。",54),
(321,0,"六三，归妹以须，反归以娣。",54),
(322,1,"九四，归妹愆期，迟归有时。",54),
(323,0,"六五，帝乙归妹，其君之袂不如其娣之袂良。月几望，吉。",54),
(324,0,"上六，女承筐无实，士刲羊无血，无攸利。",54),
(325,1,"初九，遇其配主，虽旬无咎，往有尚。",55),
(326,0,"六二，丰其蔀，日中见斗。往得疑疾，有孚发若，吉。",55),
(327,1,"九三，丰其沛，日中见沫，折其右肱，无咎。",55),
(328,1,"九四，丰其蔀，日中见斗，遇其夷主，吉。",55),
(329,0,"六五，来章有庆誉，吉。",55),
(330,0,"上六，丰其屋，蔀其家，窥其户，阒其无人，三岁不觌，凶。",55),
(331,0,"初六，旅琐琐，斯其所取灾。",56),
(332,0,"六二，旅即次，怀其资，得童仆，贞。",56),
(333,1,"九三，旅焚其次，丧其童仆，贞厉。",56),
(334,1,"九四，旅于处，得其资斧，我心不快。",56),
(335,0,"六五，射雉，一矢亡，终以誉命。",56),
(336,1,"上九，鸟焚其巢，旅人先笑后号啕。丧牛于易，凶。",56),
(337,0,"初六，进退，利武人之贞。",57),
(338,1,"九二，巽在床下，用史巫纷若，吉，无咎。",57),
(339,1,"九三，频巽，吝。",57),
(340,0,"六四，悔亡，田获三品。",57),
(341,1,"九五，贞吉，悔亡，无不利，无初有终。先庚三日，后庚三日，吉。",57),
(342,1,"上九，巽在床下，丧其资斧，贞凶。",57),
(343,1,"初九，和兑，吉。",58),
(344,1,"九二，孚兑，吉，悔亡。",58),
(345,0,"六三，来兑，凶。",58),
(346,1,"九四，商兑未宁，介疾有喜。",58),
(347,1,"九五，孚于剥，有厉。",58),
(348,0,"上六，引兑。",58),
(349,0,"初六，用拯马壮，吉。",59),
(350,1,"九二，涣奔其机，悔亡。",59),
(351,0,"六三，涣其躬，无悔。",59),
(352,0,"六四，涣其群，元吉。涣有丘，匪夷所思。",59),
(353,1,"九五，涣汗其大号，涣王居，无咎。",59),
(354,1,"上九，涣其血，去逖出，无咎。",59),
(355,1,"初九，不出户庭，无咎。",60),
(356,1,"九二，不出门庭，凶。",60),
(357,0,"六三，不节若，则嗟若，无咎。",60),
(358,0,"六四，安节。亨。",60),
(359,1,"九五，甘节，吉，往有尚。",60),
(360,0,"上六，苦节，贞凶，悔亡。",60),
(361,1,"初九，虞吉，有它不燕。",61),
(362,1,"九二，鸣鹤在阴，其子和之。我有好爵，吾与尔靡之。",61),
(363,0,"六三，得敌，或鼓或罢，或泣或歌。",61),
(364,0,"六四，月几望，马匹亡，无咎。",61),
(365,1,"九五，有孚挛如，无咎。",61),
(366,1,"上九，翰音登于天，贞凶。",61),
(367,0,"初六，飞鸟以凶。",62),
(368,0,"六二，过其祖，遇其妣。不及其君，遇其臣。无咎。",62),
(369,1,"九三，弗过防之，从或戕之，凶。",62),
(370,1,"九四，无咎。弗过遇之，往厉必戒，勿用永贞。",62),
(371,0,"六五，密云不雨，自我西郊。公弋取彼在穴。",62),
(372,0,"上六，弗遇过之，飞鸟离之，凶，是谓灾眚。",62),
(373,1,"初九，曳其轮，濡其尾，无咎。",63),
(374,0,"六二，「妇丧其茀，勿逐，七日得。",63),
(375,1,"九三，高宗伐鬼方，三年克之，小人勿用。",63),
(376,0,"六四，繻有衣袽，终日戒。",63),
(377,1,"九五，东邻杀牛，不如西邻之禴祭，实受其福。",63),
(378,0,"上六，濡其首，厉。",63),
(379,0,"初六，濡其尾，吝。",64),
(380,1,"九二，曳其轮，贞吉。",64),
(381,0,"六三，未济，征凶。利涉大川。",64),
(382,1,"九四，贞吉，悔亡，震用伐鬼方，三年，有赏于大国。",64),
(383,0,"六五，贞吉，无悔。君子之光，有孚吉。",64),
(384,1,"上九，有孚于饮酒，无咎。濡其首，有孚失是?",64);


create table ddj(
	ddj_id  tinyint primary key,
	ddj_message TEXT(260) not null
);
INSERT INTO ddj (ddj_id,ddj_message)VALUES
(1,"01.道可道，非常道。名可名，非常名。无名天地之始。有名万物之母。故常无欲以观其妙。常有欲以观其徼。此两者同出而异名，同谓之玄。玄之又玄，众妙之门。 "),
(2,"02.天下皆知美之为美，斯恶矣；皆知善之为善，斯不善已。故有无相生，难易相成，长短相形，高下相倾，音声相和，前後相随。是以圣人处无为之事，行不言之教。万物作焉而不辞。生而不有，为而不恃，功成而弗居。夫唯弗居，是以不去。 "),
(3,"03.不尚贤， 使民不争。不贵难得之货，使民不为盗。不见可欲，使民心不乱。是以圣人之治，虚其心，实其腹，弱其志，强其骨；常使民无知、无欲，使夫智者不敢为也。为无为，则无不治。 "),
(4,"04.道冲而用之，或不盈。渊兮似万物之宗。解其纷，和其光，同其尘，湛兮似或存。吾不知谁之子，象帝之先。 "),
(5,"05.天地不仁，以万物为刍狗。圣人不仁，以百姓为刍狗。天地之间，其犹橐迭乎？虚而不屈，动而愈出。多言数穷，不如守中。 "),
(6,"06.谷神不死是谓玄牝。玄牝之门是谓天地根。绵绵若存，用之不勤。 "),
(7,"07.天长地久。天地所以能长且久者，以其不自生，故能长生。是以圣人後其身而身先，外其身而身存。非以其无私邪！故能成其私。 "),
(8,"08.上善若水。水善利万物而不争，处众人之所恶，故几於道。居善地，心善渊，与善仁，言善信，正善治，事善能，动善时。夫唯不争，故无尤。 "),
(9,"09.持而盈之不如其己；揣而锐之不可长保；金玉满堂莫之能守；富贵而骄，自遗其咎。功遂身退，天之道。 "),
(10,"10.载营魄抱一，能无离乎？专气致柔，能如婴儿乎？涤除玄览，能无疵乎？爱国治民，能无为乎？天门开阖，能为雌乎？明白四达，能无知乎。 "),
(11,"11.三十幅共一毂，当其无，有车之用。埏埴以为器，当其无，有器之用。凿户牖以为室，当其无，有室之用。故有之以为利，无之以为用。 "),
(12,"12.五色令人目盲，五音令人耳聋，五味令人口爽，驰骋畋猎令人心发狂，难得之货令人行妨。是以圣人，为腹不为目，故去彼取此。 "),
(13,"13.宠辱若惊，贵大患若身。何谓宠辱若惊？宠为下。得之若惊失之若惊是谓宠辱若惊。何谓贵大患若身？吾所以有大患者，为吾有身，及吾无身，吾有何患。故贵以身为天下，若可寄天下。爱以身为天下，若可托天下。 "),
(14,"14.视之不见名曰夷。听之不闻名曰希。抟之不得名曰微。此三者不可致诘，故混而为一。其上不皦(jiǎo)，其下不昧，绳绳不可名，复归於无物。是谓无状之状，无物之象，是谓惚恍。迎之不见其首，随之不见其後。执古之道以御今之有。能知古始，是谓道纪。 "),
(15,"15.古之善为士者，微妙玄通，深不可识。夫唯不可识，故强为之容。豫兮若冬涉川；犹兮若畏四邻；俨兮其若容；涣兮若冰之将释；敦兮其若朴；旷兮其若谷；混兮其若浊；澹兮其若海；飉(liáo,风的声音)兮若无止。孰能浊以静之徐清。孰能安以动之徐生。保此道者不欲盈。夫唯不盈故能蔽而新成。 "),
(16,"16.致虚极守静笃。万物并作，吾以观复。夫物芸芸各复归其根。归根曰静，是谓复命；复命曰常，知常曰明。不知常，妄作凶。知常容，容乃公，公乃全，全乃天，天乃道，道乃久，没身不殆。 "),
(17,"17.太上，下知有之。其次，亲而誉之。其次，畏之。其次，侮之。信不足焉，有不信焉。悠兮其贵言，功成事遂，百姓皆谓∶我自然。 "),
(18,"18.大道废有仁义；慧智出有大伪；六亲不和有孝慈；国家昏乱有忠臣。 "),
(19,"19.绝圣弃智，民利百倍；绝仁弃义，民复孝慈；绝巧弃利，盗贼无有；此三者，以为文不足。故令有所属，见素抱朴少私寡欲。 "),
(20,"20.绝学无忧，唯之与阿，相去几何？善之与恶，相去若何？人之所畏，不可不畏。荒兮其未央哉！众人熙熙如享太牢、如春登台。我独泊兮其未兆，如婴儿之未孩；儡儡(lěi,羸弱)兮若无所归。众人皆有馀，而我独若遗。我愚人之心也哉！沌沌兮。俗人昭昭，我独昏昏；俗人察察，我独闷闷。众人皆有以，而我独顽且鄙。我独异於人，而贵食母。 "),
(21,"21.孔德之容惟道是从。道之为物惟恍惟惚。惚兮恍兮其中有象。恍兮惚兮其中有物。窈兮冥兮其中有精。其精甚真。其中有信。自古及今，其名不去以阅众甫。吾何以知众甫之状哉！以此。 "),
(22,"22.曲则全，枉则直，洼则盈，敝则新少则得，多则惑。是以圣人抱一为天下式。不自见故明；不自是故彰；不自伐故有功；不自矜故长；夫唯不争，故天下莫能与之争。古之所谓∶曲则全者，岂虚言哉！诚全而归之。 "),
(23,"23.希言自然。故飘风不终朝，骤雨不终日。孰为此者？天地。天地尚不能久，而况於人乎？故从事於道者，同於道。德者同於德。失者同於失。同於道者道亦乐得之；同於德者德亦乐得之；同於失者失於乐得之信不足焉有不信焉。 "),
(24,"24.企者不立；跨者不行。自见者不明；自是者不彰。自伐者无功；自矜者不长。其在道也曰∶馀食赘形。物或恶之，故有道者不处。 "),
(25,"25.有物混成先天地生。寂兮寥兮独立不改，周行而不殆，可以为天下母。吾不知其名，强字之曰道。强为之名曰大。大曰逝，逝曰远，远曰反。故道大、天大、地大、人亦大。域中有大，而人居其一焉。人法地，地法天，天法道，道法自然。 "),
(26,"26.重为轻根，静为躁君。是以君子终日行不离轻重。虽有荣观燕处超然。奈何万乘之主而以身轻天下。轻则失根，躁则失君。 "),
(27,"27.善行无辙迹。善言无瑕谪。善数不用筹策。善闭无关楗而不可开。善结无绳约而不可解。是以圣人常善救人，故无弃人。常善救物，故无弃物。是谓袭明。故善人者不善人之师。不善人者善人之资。不贵其师、不爱其资，虽智大迷，是谓要妙。 "),
(28,"28.知其雄，守其雌，为天下溪。为天下溪，常德不离，复归於婴儿。知其白，守其黑，为天下式。为天下式，常德不忒，复归於无极。知其荣，守其辱，为天下谷。为天下谷，常德乃足，复归於朴。朴散则为器，圣人用之则为官长。故大制不割。 "),
(29,"29.将欲取天下而为之，吾见其不得已。天下神器，不可为也，为者败之，执者失之。夫物或行或随、或觑或吹、或强或羸、或挫或隳。是以圣人去甚、去奢、去泰。 "),
(30,"30.以道佐人主者，不以兵强天下。其事好还。师之所处荆棘生焉。军之後必有凶年。善有果而已，不敢以取强。果而勿矜。果而勿伐。果而勿骄。果而不得已。果而勿强。物壮则老，是谓不道，不道早已。 "),
(31,"31.夫佳兵者不祥之器，物或恶之，故有道者不处。君子居则贵左，用兵则贵右。兵者不祥之器，非君子之器，不得已而用之，恬淡为上。胜而不美，而美之者，是乐杀人。夫乐杀人者，则不可得志於天下矣。吉事尚左，凶事尚右。偏将军居左，上将军居右。言以丧礼处之。杀人之众，以悲哀泣之，战胜以丧礼处之。 "),
(32,"32.道常无名。朴虽小天下莫能臣也。侯王若能守之，万物将自宾。天地相合以降甘露，民莫之令而自均。始制有名，名亦既有，夫亦将知止，知止可以不殆。譬道之在天下，犹川谷之於江海。 "),
(33,"33.知人者智，自知者明。胜人者有力，自胜者强。知足者富。强行者有志。不失其所者久。死而不亡者，寿。 "),
(34,"34.大道泛兮，其可左右。万物恃之以生而不辞，功成而不名有。衣养万物而不为主，常无欲可名於小。万物归焉，而不为主，可名为大。以其终不自为大，故能成其大。 "),
(35,"35.执大象天下往。往而不害安平太。乐与饵，过客止。道之出口淡乎其无味。视之不足见。听之不足闻。用之不足既。 "),
(36,"36.将欲歙之，必固张之。将欲弱之，必固强之。将欲废之，必固兴之。将欲取之，必固与之。是谓微明。柔弱胜刚强。鱼不可脱於渊，国之利器不可以示人。 "),
(37,"37.道常无为，而无不为。侯王若能守之，万物将自化。化而欲作，吾将镇之以无名之朴。无名之朴，夫亦将无欲。不欲以静，天下将自定。 "),
(38,"38.上德不德是以有德。下德不失德是以无德。上德无为而无以为。下德无为而有以为。上仁为之而无以为。上义为之而有以为。上礼为之而莫之以应，则攘臂而扔之。故失道而後德。失德而後仁。失仁而後义。失义而後礼。夫礼者忠信之薄而乱之首。前识者，道之华而愚之始。是以大丈夫，处其厚不居其薄。处其实，不居其华。故去彼取此。 "),
(39,"39.昔之得一者。天得一以清。地得一以宁。神得一以灵。谷得一以盈。万物得一以生。侯王得一以为天下贞。其致之。天无以清将恐裂。地无以宁将恐废。神无以灵将恐歇。谷无以盈将恐竭。万物无以生将恐灭。侯王无以贞将恐蹶。故贵以贱为本，高以下为基。是以侯王自称孤、寡、不谷。此非以贱为本邪？非乎。至誉无誉。不欲琭琭如玉，珞珞如石。 "),
(40,"40.反者道之动。弱者道之用。天下万物生於有，有生於无。 "),
(41,"41.上士闻道勤而行之。中士闻道若存若亡。下士闻道大笑之。不笑不足以为道。故建言有之。明道若昧。进道若退。夷道若纇。上德若谷。大白若辱。广德若不足。建德若偷。质真若渝。大方无隅。大器晚成。大音希声。大象无形。道隐无名。夫唯道善贷且成。 "),
(42,"42.道生一。一生二。二生三。三生万物。万物负阴而抱阳，冲气以为和。人之所恶，唯孤、寡不谷，而王公以为称，故物或损之而益，或益之而损。人之所教，我亦教之，强梁者，不得其死。吾将以为教父。 "),
(43,"43.天下之至柔，驰骋天下之至坚。无有入无间，吾是以知无为之有益。不言之教，无为之益天下希及之。 "),
(44,"44.名与身孰亲。身与货孰多。得与亡孰病。是故甚爱必大费。多藏必厚亡。知足不辱。知止不殆。可以长久。 "),
(45,"45.大成若缺，其用不弊。大盈若冲，其用不穷。大直若屈。大巧若拙。大辩若讷。静胜躁，寒胜热。清静为天下正。 "),
(46,"46.天下有道，却走马以粪。天下无道，戎马生於郊。祸莫大於不知足。咎莫大於欲得。故知足之足常足矣。 "),
(47,"47.不出户知天下。不窥牖见天道。其出弥远，其知弥少。是以圣人不行而知。不见而明。不为而成。 "),
(48,"48.为学日益。为道日损。损之又损，以至於无为。无为而不为。取天下常以无事，及其有事，不足以取天下。 "),
(49,"49.圣人无常心。以百姓心为心。善者吾善之。不善者吾亦善之，德善。信者吾信之。不信者吾亦信之，德信。圣人在天下，歙歙(xīxī,无所偏执的样子)焉，为天下浑其心。百姓皆注其耳目，圣人皆孩之。 "),
(50,"50.出生入死。生之徒，十有三。死之徒，十有三。人之生，动之於死地，亦十有三。夫何故？以其生生之厚。盖闻善摄生者，陆行不遇凶虎，入军不被甲兵。凶无所投其角。虎无所用其爪。兵无所容其刃。夫何故？以其无死地。 "),
(51,"51.道生之，德畜之，物形之，势成之。是以万物莫不尊道，而贵德。道之尊，德之贵，夫莫之命而常自然。故道生之，德畜之。长之育之。亭之毒之。养之覆之。生而不有，为而不恃，长而不宰。是谓玄德。 "),
(52,"52.天下有始，以为天下母。既得其母，以知其子。既知其子，复守其母，没身不殆。塞其兑，闭其门，终身不勤。开其兑，济其事，终身不救。见其小曰明，守柔曰强。用其光，复归其明，无遗身殃。是为习常。 "),
(53,"53.使我介然有知，行於大道，唯施是畏。大道甚夷，而人好径。朝甚除，田甚芜，仓甚虚。服文彩，带利剑，厌饮食，财货有馀。是谓盗夸。非道也哉。 "),
(54,"54.善建者不拔。善抱者不脱。子孙以祭祀不辍。修之於身其德乃真。修之於家其德乃馀。修之於乡其德乃长。修之於邦其德乃丰。修之於天下其德乃普。故以身观身，以家观家，以乡观乡，以邦观邦，以天下观天下。吾何以知天下然哉？以此。 "),
(55,"55.含德之厚比於赤子。毒虫不螫，猛兽不据，攫鸟不抟。骨弱筋柔而握固。未知牝牡之合而全作，精之至也。终日号而不嗄，和之至也。知和曰常。知常曰明。益生曰祥。心使气曰强。物壮则老。谓之不道，不道早已。 "),
(56,"56.知者不言。言者不知。挫其锐，解其纷，和其光，同其尘，是谓玄同。故不可得而亲。不可得而疏。不可得而利。不可得而害。不可得而贵。不可得而贱。故为天下贵。 "),
(57,"57.以正治国，以奇用兵，以无事取天下。吾何以知其然哉？以此。天下多忌讳而民弥贫。民多利器国家滋昏。人多伎巧奇物泫起。法令滋彰盗贼多有。故圣人云我无为而民自化。我好静而民自正。我无事而民自富。我无欲而民自朴。 "),
(58,"58.其政闷闷，其民淳淳。其政察察，其民缺缺。祸尚福之所倚。福尚祸之所伏。孰知其极，其无正。正复为奇，善复为妖。人之迷其日固久。是以圣人方而不割。廉而不刿。直而不肆。光而不耀。 "),
(59,"59.治人事天莫若啬。夫唯啬是谓早服。早服谓之重积德。重积德则无不克。无不克则莫知其极。莫知其极可以有国。有国之母可以长久。是谓深根固柢，长生久视之道。 "),
(60,"60.治大国若烹小鲜。以道莅天下，其迨ㄞ哄非其鬼不神，其神不伤人。非其神不伤人，圣人亦不伤人。夫两不相伤，故德交归焉。 "),
(61,"61.大国者下流，天下之交。天下之牝。牝常以静胜牡。以静为下。故大国以下小国，则取小国。小国以下大国，则取大国。故或下以取，或下而取。大国不过欲兼畜人。小国不过欲入事人。夫两者各得所欲，大者宜为下。 "),
(62,"62.道者万物之奥。善人之宝，不善人之所保。美言可以市尊。美行可以加人。人之不善，何弃之有。故立天子、置三公，虽有拱璧以先驷马，不如坐进此道。古之所以贵此道者何。不曰∶求以得，有罪以免邪？故为天下贵。 "),
(63,"63.为无为，事无事，味无味。大小多少，报怨以德。图难於其易，为大於其细。天下难事必作於易。天下大事必作於细。是以圣人终不为大，故能成其大。夫轻诺必寡信。多易必多难。是以圣人犹难之，故终无难矣。 "),
(64,"64.其安易持，其未兆易谋。其脆易泮，其微易散。为之於未有，治之於未乱。合抱之木生於毫末。九层之台起於累土。千里之行始於足下。为者败之，执者失之。是以圣人无为故无败，无执故无失。民之从事常於几成而败之。慎终如始则无败事。是以圣人欲不欲，不贵难得之货。学不学，复众人之所过，以辅万物之自然而不敢为。 "),
(65,"65.古之善为道者，非以明民，将以愚之。民之难治，以其智多。故以智治国，国之贼。不以智治国，国之福。知此两者，亦稽式。常知稽式，是谓玄德。玄德深矣、远矣！与物反矣。然後乃至大顺。 "),
(66,"66.江海之所以能为百谷王者，以其善下之，故能为百谷王。是以圣人欲上民，必以言下之。欲先民，必以身後之。是以圣人处上而民不重，处前而民不害。是以天下乐推而不厌。以其不争，故天下莫能与之争。 "),
(67,"67.天下皆谓我道大似不肖。夫唯大故似不肖。若肖，久矣！其细也夫。我有三宝持而保之∶一曰慈， 二曰俭，三曰不敢为天下先。慈故能勇，俭故能广，不敢为天下先故能成器长。今舍慈且勇，舍俭且广，舍後且先，死矣！夫慈以战则胜，以守则固。天将救之以慈卫之。 "),
(68,"68.善为士者不武。善战者不怒。善胜敌者不与。善用人者为之下。是谓不争之德。是谓用人之力。是谓配天之极。 "),
(69,"69.用兵有言，吾不敢为主而为客。不敢进寸而退尺。是谓行无行。攘无臂。扔无敌。执无兵。祸莫大於轻敌。轻敌几丧吾宝。故抗兵相加哀者胜矣。 "),
(70,"70.吾言甚易知、甚易行。天下莫能知、莫能行。言有宗、事有君。夫唯无知，是以我不知。知我者希，则我者贵。是以圣被褐怀玉。 "),
(71,"71.知不知上，不知知病。夫唯病病，是以不病。圣人不病，以其病病。夫唯病病，是以不病。 "),
(72,"72.民不畏威，则大威至。无狎其所居，无厌其所生。夫唯不厌，是以不厌。是以圣人自知不自见。自爱不自贵。故去彼取此。 "),
(73,"73.勇於敢则杀。勇於不敢则活。此两者或利或害。天之所恶孰知其故。天之道不争而善胜。不言而善应。不召而自来。繟(chǎn,舒缓)然而善谋。天网恢恢疏而不失。 "),
(74,"74.民不畏死，奈何以死惧之。若使民常畏死，而为奇者，吾得执而杀之，孰敢。常有司杀者杀。夫代司杀者杀，是谓代大匠斫。夫代大匠斫者，希有不伤其手矣。 "),
(75,"75.民之饥以其上食税之多，是以饥。民之难治以其上之有为，是以难治。民之轻死以其求生之厚，是以轻死。夫唯无以生为者，是贤於贵生。 "),
(76,"76.人之生也柔弱，其死也坚强。草木之生也柔脆，其死也枯槁。故坚强者死之徒，柔弱者生之徒。是以兵强则灭，木强则折。强大处下，柔弱处上。 "),
(77,"77.天之道其犹张弓与。高者抑之，下者举之。有馀者损之，不足者补之。天之道，损有馀而补不足。人之道，则不然，损不足以奉有馀。孰能有馀以奉天下，唯有道者。是以圣人为而不恃，功成而不处。其不欲见贤邪！ "),
(78,"78.天下莫柔弱於水。而攻坚强者，莫之能胜。以其无以易之。弱之胜强。柔之胜刚。天下莫不知莫能行。是以圣人云，受国之垢是谓社稷主。受国不祥是为天下王。正言若反。 "),
(79,"79.和大怨必有馀怨，安可以为善。是以圣人执左契，而不责於人。有德司契，无德司彻。天道无亲常与善人。 "),
(80,"80.小国寡民。使有什伯之器而不用。使民重死而不远徙。虽有舟舆无所乘之。虽有甲兵无所陈之。使民复结绳而用之。甘其食、美其服、安其居、乐其俗。邻国相望，鸡犬之声相闻。民至老死不相往来。 "),
(81,"81.信言不美。美言不信。善者不辩。辩者不善。知者不博。博者不知。圣人不积。既以为人己愈有。既以与人己愈多。天之道利而不害。圣人之道为而不争。");







create table temp_ip(
	ip_id   int auto_increment primary key,
	ip_date DATETIME not null,
	ip_info char(20),
	ip_info_aes char(128)
	
);
--INSERT INTO temp_ip (ip_date,ip_info,ip_info_aes)VALUES
--('2014-10-10:10:1010',"asd",:"asd");

create table user_info(
	user_phone  BIGINT unsigned  primary key,
	user_passwd char(50) not null,
	user_email char(50)
	
);

create table user_data(
	user_data_id int auto_increment unsigned primary key,
	user_data_name char(50),
	user_data_account char(50),
	user_data_passwd char(50),
	user_data_info char(200),
	user_phone BIGINT unsigned not null,
	foreign key(user_phone) references user_info(user_phone)
	
);













